,Orders
2017-09-20,631.0
2017-09-21,690.0
2017-09-22,695.0
2017-09-23,805.0
2017-09-24,877.0
2017-09-25,572.0
2017-09-26,602.0
2017-09-27,595.0
2017-09-28,604.0
2017-09-29,668.0
2017-09-30,939.0
2017-10-01,839.0
2017-10-02,603.0
2017-10-03,338.0
2017-10-04,637.0
2017-10-05,668.0
2017-10-06,589.0
2017-10-07,925.0
2017-10-08,884.0
2017-10-09,546.0
2017-10-10,593.0
2017-10-11,645.0
2017-10-12,672.0
2017-10-13,676.0
2017-10-14,958.0
2017-10-15,967.0
2017-10-16,628.0
2017-10-17,612.0
2017-10-18,620.0
2017-10-19,689.0
2017-10-20,727.0
2017-10-21,976.0
2017-10-22,938.0
2017-10-23,495.0
2017-10-24,534.0
2017-10-25,593.0
2017-10-26,593.0
2017-10-27,674.0
2017-10-28,970.0
2017-10-29,942.0
2017-10-30,647.0
2017-10-31,606.0
2017-11-01,713.0
2017-11-02,679.0
2017-11-03,683.0
2017-11-04,924.0
2017-11-05,971.0
2017-11-06,791.0
2017-11-07,496.0
2017-11-08,561.0
2017-11-09,594.0
2017-11-10,615.0
2017-11-11,967.0
2017-11-12,987.0
2017-11-13,475.0
2017-11-14,526.0
2017-11-15,650.0
2017-11-16,610.0
2017-11-17,545.0
2017-11-18,955.0
2017-11-19,969.0
2017-11-20,570.0
2017-11-21,606.0
2017-11-22,574.0
2017-11-23,608.0
2017-11-24,685.0
2017-11-25,933.0
2017-11-26,901.0
2017-11-27,523.0
2017-11-28,580.0
2017-11-29,551.0
2017-11-30,661.0
2017-12-01,611.0
2017-12-02,1345.0
2017-12-03,1078.0
2017-12-04,482.0
2017-12-05,522.0
2017-12-06,553.0
2017-12-07,558.0
2017-12-08,578.0
2017-12-09,879.0
2017-12-10,877.0
2017-12-11,497.0
2017-12-12,517.0
2017-12-13,538.0
2017-12-14,602.0
2017-12-15,622.0
2017-12-16,967.0
2017-12-17,912.0
2017-12-18,500.0
2017-12-19,510.0
2017-12-20,571.0
2017-12-21,553.0
2017-12-22,583.0
2017-12-23,819.0
2017-12-24,803.0
2017-12-25,593.0
2017-12-26,634.0
2017-12-27,780.0
2017-12-28,832.0
2017-12-29,912.0
2017-12-30,998.0
2017-12-31,487.0
2018-01-01,
2018-01-02,698.0
2018-01-03,662.0
2018-01-04,653.0
2018-01-05,667.0
2018-01-06,718.0
2018-01-07,616.0
2018-01-08,608.0
2018-01-09,455.0
2018-01-10,502.0
2018-01-11,486.0
2018-01-12,515.0
2018-01-13,744.0
2018-01-14,742.0
2018-01-15,337.0
2018-01-16,530.0
2018-01-17,493.0
2018-01-18,508.0
2018-01-19,565.0
2018-01-20,781.0
2018-01-21,790.0
2018-01-22,446.0
2018-01-23,429.0
2018-01-24,494.0
2018-01-25,526.0
2018-01-26,555.0
2018-01-27,1034.0
2018-01-28,761.0
2018-01-29,539.0
2018-01-30,416.0
2018-01-31,499.0
2018-02-01,540.0
2018-02-02,532.0
2018-02-03,695.0
2018-02-04,648.0
2018-02-05,439.0
2018-02-06,459.0
2018-02-07,553.0
2018-02-08,518.0
2018-02-09,612.0
2018-02-10,815.0
2018-02-11,751.0
2018-02-12,452.0
2018-02-13,485.0
2018-02-14,471.0
2018-02-15,516.0
2018-02-16,508.0
2018-02-17,810.0
2018-02-18,785.0
2018-02-19,458.0
2018-02-20,548.0
2018-02-21,581.0
2018-02-22,716.0
2018-02-23,824.0
2018-02-24,799.0
2018-02-25,742.0
2018-02-26,465.0
2018-02-27,498.0
2018-02-28,460.0
2018-03-01,500.0
2018-03-02,535.0
2018-03-03,829.0
2018-03-04,784.0
2018-03-05,448.0
2018-03-06,532.0
2018-03-07,629.0
2018-03-08,868.0
2018-03-09,766.0
2018-03-10,804.0
2018-03-11,684.0
2018-03-12,424.0
2018-03-13,446.0
2018-03-14,522.0
2018-03-15,421.0
2018-03-16,506.0
2018-03-17,886.0
2018-03-18,854.0
2018-03-19,431.0
2018-03-20,488.0
2018-03-21,476.0
2018-03-22,534.0
2018-03-23,527.0
2018-03-24,802.0
2018-03-25,843.0
2018-03-26,606.0
2018-03-27,503.0
2018-03-28,492.0
2018-03-29,548.0
2018-03-30,646.0
2018-03-31,741.0
2018-04-01,701.0
2018-04-02,474.0
2018-04-03,552.0
2018-04-04,421.0
2018-04-05,503.0
2018-04-06,572.0
2018-04-07,725.0
2018-04-08,650.0
2018-04-09,454.0
2018-04-10,484.0
2018-04-11,526.0
2018-04-12,536.0
2018-04-13,609.0
2018-04-14,873.0
2018-04-15,805.0
2018-04-16,561.0
2018-04-17,476.0
2018-04-18,453.0
2018-04-19,528.0
2018-04-20,594.0
2018-04-21,883.0
2018-04-22,746.0
2018-04-23,471.0
2018-04-24,520.0
2018-04-25,539.0
2018-04-26,525.0
2018-04-27,568.0
2018-04-28,566.0
2018-04-29,793.0
2018-04-30,626.0
2018-05-01,579.0
2018-05-02,589.0
2018-05-03,434.0
2018-05-04,526.0
2018-05-05,612.0
2018-05-06,567.0
2018-05-07,414.0
2018-05-08,526.0
2018-05-09,599.0
2018-05-10,498.0
2018-05-11,551.0
2018-05-12,550.0
2018-05-13,545.0
2018-05-14,442.0
2018-05-15,459.0
2018-05-16,453.0
2018-05-17,482.0
2018-05-18,503.0
2018-05-19,527.0
2018-05-20,594.0
2018-05-21,453.0
2018-05-22,556.0
2018-05-23,547.0
2018-05-24,579.0
2018-05-25,738.0
2018-05-26,779.0
2018-05-27,576.0
2018-05-28,662.0
2018-05-29,712.0
2018-05-30,718.0
2018-05-31,669.0
2018-06-01,986.0
2018-06-02,809.0
2018-06-03,761.0
2018-06-04,624.0
2018-06-05,550.0
2018-06-06,655.0
2018-06-07,661.0
2018-06-08,606.0
2018-06-09,764.0
2018-06-10,700.0
2018-06-11,696.0
2018-06-12,607.0
2018-06-13,587.0
2018-06-14,641.0
2018-06-15,700.0
2018-06-16,550.0
2018-06-17,508.0
2018-06-18,576.0
2018-06-19,571.0
2018-06-20,660.0
2018-06-21,592.0
2018-06-22,581.0
2018-06-23,566.0
2018-06-24,528.0
2018-06-25,631.0
2018-06-26,599.0
2018-06-27,604.0
2018-06-28,603.0
2018-06-29,641.0
2018-06-30,747.0
2018-07-01,527.0
2018-07-02,585.0
2018-07-03,587.0
2018-07-04,616.0
2018-07-05,643.0
2018-07-06,576.0
2018-07-07,516.0
2018-07-08,575.0
2018-07-09,508.0
2018-07-10,616.0
2018-07-11,668.0
2018-07-12,615.0
2018-07-13,690.0
2018-07-14,643.0
2018-07-15,593.0
2018-07-16,560.0
2018-07-17,581.0
2018-07-18,682.0
2018-07-19,639.0
2018-07-20,662.0
2018-07-21,648.0
2018-07-22,675.0
2018-07-23,620.0
2018-07-24,643.0
2018-07-25,623.0
2018-07-26,640.0
2018-07-27,673.0
2018-07-28,563.0
2018-07-29,667.0
2018-07-30,636.0
2018-07-31,613.0
2018-08-01,546.0
2018-08-02,582.0
2018-08-03,584.0
2018-08-04,673.0
2018-08-05,714.0
2018-08-06,605.0
2018-08-07,634.0
2018-08-08,695.0
2018-08-09,709.0
2018-08-10,704.0
2018-08-11,709.0
2018-08-12,675.0
2018-08-13,720.0
2018-08-14,667.0
2018-08-15,739.0
2018-08-16,727.0
2018-08-17,762.0
2018-08-18,733.0
2018-08-19,756.0
2018-08-20,722.0
2018-08-21,845.0
2018-08-22,686.0
2018-08-23,712.0
2018-08-24,690.0
2018-08-25,914.0
2018-08-26,783.0
2018-08-27,758.0
2018-08-28,763.0
2018-08-29,673.0
2018-08-30,928.0
2018-08-31,805.0
2018-09-01,1097.0
2018-09-02,744.0
2018-09-03,628.0
2018-09-04,605.0
2018-09-05,612.0
2018-09-06,617.0
2018-09-07,667.0
2018-09-08,742.0
2018-09-09,726.0
2018-09-10,590.0
2018-09-11,577.0
2018-09-12,587.0
2018-09-13,541.0
2018-09-14,682.0
2018-09-15,796.0
2018-09-16,708.0
2018-09-17,556.0
2018-09-18,567.0
2018-09-19,544.0
2018-09-20,623.0
2018-09-21,687.0
2018-09-22,834.0
2018-09-23,804.0
2018-09-24,539.0
2018-09-25,558.0
2018-09-26,605.0
2018-09-27,528.0
2018-09-28,590.0
2018-09-29,884.0
2018-09-30,912.0
2018-10-01,509.0
2018-10-02,606.0
2018-10-03,536.0
2018-10-04,601.0
2018-10-05,636.0
2018-10-06,882.0
2018-10-07,849.0
2018-10-08,544.0
2018-10-09,617.0
2018-10-10,607.0
2018-10-11,645.0
2018-10-12,585.0
2018-10-13,879.0
2018-10-14,885.0
2018-10-15,577.0
2018-10-16,586.0
2018-10-17,597.0
2018-10-18,601.0
2018-10-19,653.0
2018-10-20,988.0
2018-10-21,963.0
2018-10-22,564.0
2018-10-23,572.0
2018-10-24,560.0
2018-10-25,604.0
2018-10-26,632.0
2018-10-27,1250.0
2018-10-28,903.0
2018-10-29,603.0
2018-10-30,644.0
2018-10-31,881.0
2018-11-01,869.0
2018-11-02,845.0
2018-11-03,996.0
2018-11-04,959.0
2018-11-05,955.0
2018-11-06,798.0
2018-11-07,556.0
2018-11-08,656.0
2018-11-09,612.0
2018-11-10,1095.0
2018-11-11,949.0
2018-11-12,621.0
2018-11-13,606.0
2018-11-14,612.0
2018-11-15,602.0
2018-11-16,651.0
2018-11-17,1071.0
2018-11-18,997.0
2018-11-19,579.0
2018-11-20,637.0
2018-11-21,653.0
2018-11-22,638.0
2018-11-23,761.0
2018-11-24,1042.0
2018-11-25,958.0
2018-11-26,549.0
2018-11-27,594.0
2018-11-28,607.0
2018-11-29,577.0
2018-11-30,651.0
2018-12-01,923.0
2018-12-02,863.0
2018-12-03,529.0
2018-12-04,550.0
2018-12-05,577.0
2018-12-06,655.0
2018-12-07,694.0
2018-12-08,1442.0
2018-12-09,866.0
2018-12-10,579.0
2018-12-11,602.0
2018-12-12,595.0
2018-12-13,604.0
2018-12-14,694.0
2018-12-15,952.0
2018-12-16,908.0
2018-12-17,557.0
2018-12-18,604.0
2018-12-19,591.0
2018-12-20,615.0
2018-12-21,667.0
2018-12-22,997.0
2018-12-23,851.0
2018-12-24,568.0
2018-12-25,688.0
2018-12-26,776.0
2018-12-27,851.0
2018-12-28,960.0
2018-12-29,960.0
2018-12-30,1134.0
2018-12-31,501.0
2019-01-01,39.0
2019-01-02,646.0
2019-01-03,789.0
2019-01-04,832.0
2019-01-05,718.0
2019-01-06,909.0
2019-01-07,782.0
2019-01-08,783.0
2019-01-09,488.0
2019-01-10,607.0
2019-01-11,654.0
2019-01-12,899.0
2019-01-13,834.0
2019-01-14,581.0
2019-01-15,531.0
2019-01-16,506.0
2019-01-17,568.0
2019-01-18,635.0
2019-01-19,864.0
2019-01-20,883.0
2019-01-21,561.0
2019-01-22,586.0
2019-01-23,551.0
2019-01-24,535.0
2019-01-25,655.0
2019-01-26,959.0
2019-01-27,880.0
2019-01-28,624.0
2019-01-29,657.0
2019-01-30,605.0
2019-01-31,591.0
2019-02-01,711.0
2019-02-02,849.0
2019-02-03,848.0
2019-02-04,533.0
2019-02-05,495.0
2019-02-06,599.0
2019-02-07,555.0
2019-02-08,671.0
2019-02-09,960.0
2019-02-10,964.0
2019-02-11,558.0
2019-02-12,589.0
2019-02-13,603.0
2019-02-14,659.0
2019-02-15,677.0
2019-02-16,1039.0
2019-02-17,877.0
2019-02-18,561.0
2019-02-19,592.0
2019-02-20,630.0
2019-02-21,672.0
2019-02-22,749.0
2019-02-23,982.0
2019-02-24,922.0
2019-02-25,609.0
2019-02-26,573.0
2019-02-27,619.0
2019-02-28,651.0
2019-03-01,727.0
2019-03-02,956.0
2019-03-03,974.0
2019-03-04,566.0
2019-03-05,618.0
2019-03-06,650.0
2019-03-07,764.0
2019-03-08,964.0
2019-03-09,841.0
2019-03-10,900.0
2019-03-11,567.0
2019-03-12,570.0
2019-03-13,604.0
2019-03-14,575.0
2019-03-15,642.0
2019-03-16,1011.0
2019-03-17,977.0
2019-03-18,632.0
2019-03-19,646.0
2019-03-20,616.0
2019-03-21,650.0
2019-03-22,738.0
2019-03-23,988.0
2019-03-24,1010.0
2019-03-25,744.0
2019-03-26,772.0
2019-03-27,869.0
2019-03-28,821.0
2019-03-29,847.0
2019-03-30,1010.0
2019-03-31,980.0
2019-04-01,623.0
2019-04-02,652.0
2019-04-03,614.0
2019-04-04,648.0
2019-04-05,646.0
2019-04-06,941.0
2019-04-07,891.0
2019-04-08,617.0
2019-04-09,683.0
2019-04-10,635.0
2019-04-11,601.0
2019-04-12,817.0
2019-04-13,1060.0
2019-04-14,1038.0
2019-04-15,657.0
2019-04-16,651.0
2019-04-17,690.0
2019-04-18,650.0
2019-04-19,689.0
2019-04-20,958.0
2019-04-21,916.0
2019-04-22,617.0
2019-04-23,661.0
2019-04-24,679.0
2019-04-25,682.0
2019-04-26,738.0
2019-04-27,874.0
2019-04-28,899.0
2019-04-29,670.0
2019-04-30,681.0
2019-05-01,647.0
2019-05-02,659.0
2019-05-03,715.0
2019-05-04,622.0
2019-05-05,630.0
2019-05-06,543.0
2019-05-07,447.0
2019-05-08,801.0
2019-05-09,635.0
2019-05-10,585.0
2019-05-11,621.0
2019-05-12,763.0
2019-05-13,613.0
2019-05-14,637.0
2019-05-15,662.0
2019-05-16,671.0
2019-05-17,620.0
2019-05-18,949.0
2019-05-19,902.0
2019-05-20,643.0
2019-05-21,639.0
2019-05-22,666.0
2019-05-23,682.0
2019-05-24,869.0
2019-05-25,853.0
2019-05-26,818.0
2019-05-27,755.0
2019-05-28,747.0
2019-05-29,669.0
2019-05-30,752.0
2019-05-31,728.0
2019-06-01,1128.0
2019-06-02,620.0
2019-06-03,666.0
2019-06-04,754.0
2019-06-05,597.0
2019-06-06,648.0
2019-06-07,701.0
2019-06-08,653.0
2019-06-09,555.0
2019-06-10,688.0
2019-06-11,684.0
2019-06-12,765.0
2019-06-13,658.0
2019-06-14,741.0
2019-06-15,758.0
2019-06-16,704.0
2019-06-17,690.0
2019-06-18,657.0
2019-06-19,730.0
2019-06-20,693.0
2019-06-21,725.0
2019-06-22,653.0
2019-06-23,593.0
2019-06-24,683.0
2019-06-25,685.0
2019-06-26,655.0
2019-06-27,750.0
2019-06-28,768.0
2019-06-29,872.0
2019-06-30,869.0
2019-07-01,759.0
2019-07-02,634.0
2019-07-03,588.0
2019-07-04,677.0
2019-07-05,704.0
2019-07-06,826.0
2019-07-07,758.0
2019-07-08,631.0
2019-07-09,683.0
2019-07-10,692.0
2019-07-11,788.0
2019-07-12,612.0
2019-07-13,789.0
2019-07-14,725.0
2019-07-15,717.0
2019-07-16,666.0
2019-07-17,670.0
2019-07-18,736.0
2019-07-19,636.0
2019-07-20,689.0
2019-07-21,748.0
2019-07-22,703.0
2019-07-23,695.0
2019-07-24,648.0
2019-07-25,716.0
2019-07-26,685.0
2019-07-27,712.0
2019-07-28,733.0
2019-07-29,711.0
2019-07-30,790.0
2019-07-31,735.0
2019-08-01,728.0
2019-08-02,661.0
2019-08-03,747.0
2019-08-04,756.0
2019-08-05,620.0
2019-08-06,697.0
2019-08-07,705.0
2019-08-08,709.0
2019-08-09,761.0
2019-08-10,846.0
2019-08-11,802.0
2019-08-12,703.0
2019-08-13,739.0
2019-08-14,712.0
2019-08-15,684.0
2019-08-16,783.0
2019-08-17,812.0
2019-08-18,719.0
2019-08-19,683.0
2019-08-20,701.0
2019-08-21,674.0
2019-08-22,835.0
2019-08-23,675.0
2019-08-24,761.0
2019-08-25,804.0
2019-08-26,763.0
2019-08-27,701.0
2019-08-28,729.0
2019-08-29,868.0
2019-08-30,823.0
2019-08-31,825.0
2019-09-01,870.0
2019-09-02,909.0
2019-09-03,566.0
2019-09-04,562.0
2019-09-05,590.0
2019-09-06,609.0
2019-09-07,975.0
2019-09-08,746.0
2019-09-09,663.0
2019-09-10,616.0
2019-09-11,655.0
2019-09-12,680.0
2019-09-13,725.0
2019-09-14,949.0
2019-09-15,880.0
2019-09-16,586.0
2019-09-17,603.0
2019-09-18,629.0
2019-09-19,645.0
2019-09-20,693.0
2019-09-21,996.0
2019-09-22,882.0
2019-09-23,572.0
2019-09-24,639.0
2019-09-25,636.0
2019-09-26,669.0
2019-09-27,717.0
2019-09-28,1044.0
2019-09-29,1050.0
2019-09-30,537.0
2019-10-01,674.0
2019-10-02,681.0
2019-10-03,682.0
2019-10-04,683.0
2019-10-05,875.0
2019-10-06,976.0
2019-10-07,589.0
2019-10-08,556.0
2019-10-09,636.0
2019-10-10,690.0
2019-10-11,754.0
2019-10-12,1104.0
2019-10-13,1067.0
2019-10-14,623.0
2019-10-15,696.0
2019-10-16,673.0
2019-10-17,732.0
2019-10-18,771.0
2019-10-19,1064.0
2019-10-20,980.0
2019-10-21,627.0
2019-10-22,670.0
2019-10-23,614.0
2019-10-24,657.0
2019-10-25,800.0
2019-10-26,980.0
2019-10-27,973.0
2019-10-28,703.0
2019-10-29,720.0
2019-10-30,603.0
2019-10-31,876.0
2019-11-01,754.0
2019-11-02,922.0
2019-11-03,1002.0
2019-11-04,1005.0
2019-11-05,763.0
2019-11-06,916.0
2019-11-07,590.0
2019-11-08,696.0
2019-11-09,1078.0
2019-11-10,1004.0
2019-11-11,558.0
2019-11-12,670.0
2019-11-13,632.0
2019-11-14,683.0
2019-11-15,749.0
2019-11-16,1033.0
2019-11-17,1015.0
2019-11-18,585.0
2019-11-19,640.0
2019-11-20,649.0
2019-11-21,636.0
2019-11-22,735.0
2019-11-23,989.0
2019-11-24,935.0
2019-11-25,556.0
2019-11-26,680.0
2019-11-27,669.0
2019-11-28,691.0
2019-11-29,858.0
2019-11-30,981.0
2019-12-01,878.0
2019-12-02,642.0
2019-12-03,546.0
2019-12-04,550.0
2019-12-05,550.0
2019-12-06,638.0
2019-12-07,1291.0
2019-12-08,888.0
2019-12-09,637.0
2019-12-10,602.0
2019-12-11,619.0
2019-12-12,650.0
2019-12-13,733.0
2019-12-14,1000.0
2019-12-15,908.0
2019-12-16,593.0
2019-12-17,688.0
2019-12-18,634.0
2019-12-19,711.0
2019-12-20,748.0
2019-12-21,1008.0
2019-12-22,947.0
2019-12-23,700.0
2019-12-24,720.0
2019-12-25,780.0
2019-12-26,753.0
2019-12-27,923.0
2019-12-28,1026.0
2019-12-29,1199.0
2019-12-30,1085.0
2019-12-31,586.0
2020-01-01,
2020-01-02,788.0
2020-01-03,898.0
2020-01-04,813.0
2020-01-05,885.0
2020-01-06,890.0
2020-01-07,788.0
2020-01-08,773.0
2020-01-09,495.0
2020-01-10,513.0
2020-01-11,862.0
2020-01-12,894.0
2020-01-13,519.0
2020-01-14,530.0
2020-01-15,606.0
2020-01-16,690.0
2020-01-17,700.0
2020-01-18,1026.0
2020-01-19,1021.0
2020-01-20,572.0
2020-01-21,615.0
2020-01-22,616.0
2020-01-23,630.0
2020-01-24,709.0
2020-01-25,994.0
2020-01-26,984.0
2020-01-27,608.0
2020-01-28,611.0
2020-01-29,634.0
2020-01-30,660.0
2020-01-31,663.0
2020-02-01,855.0
2020-02-02,775.0
2020-02-03,554.0
2020-02-04,551.0
2020-02-05,585.0
2020-02-06,642.0
2020-02-07,702.0
2020-02-08,917.0
2020-02-09,931.0
2020-02-10,661.0
2020-02-11,613.0
2020-02-12,665.0
2020-02-13,630.0
2020-02-14,801.0
2020-02-15,993.0
2020-02-16,1012.0
2020-02-17,641.0
2020-02-18,624.0
2020-02-19,664.0
2020-02-20,803.0
2020-02-21,829.0
2020-02-22,1054.0
2020-02-23,975.0
2020-02-24,848.0
2020-02-25,550.0
2020-02-26,630.0
2020-02-27,631.0
2020-02-28,700.0
2020-02-29,985.0
2020-03-01,1031.0
2020-03-02,639.0
2020-03-03,672.0
2020-03-04,677.0
2020-03-05,719.0
2020-03-06,780.0
2020-03-07,1070.0
2020-03-08,996.0
2020-03-09,955.0
2020-03-10,594.0
2020-03-11,673.0
2020-03-12,699.0
2020-03-13,729.0
2020-03-14,1025.0
2020-03-15,1050.0
2020-03-16,624.0
2020-03-17,594.0
2020-03-18,533.0
2020-03-19,529.0
2020-03-20,613.0
2020-03-21,670.0
2020-03-22,631.0
2020-03-23,425.0
2020-03-24,453.0
2020-03-25,440.0
2020-03-26,476.0
2020-03-27,480.0
2020-03-28,
2020-03-29,
2020-03-30,
2020-03-31,
2020-04-01,
2020-04-02,
2020-04-03,
2020-04-04,
2020-04-05,
2020-04-06,
2020-04-07,
2020-04-08,
2020-04-09,
2020-04-10,
2020-04-11,
2020-04-12,
2020-04-13,
2020-04-14,
2020-04-15,
2020-04-16,
2020-04-17,42.0
2020-04-18,62.0
2020-04-19,49.0
2020-04-20,59.0
2020-04-21,52.0
2020-04-22,48.0
2020-04-23,40.0
2020-04-24,53.0
2020-04-25,51.0
2020-04-26,40.0
2020-04-27,55.0
2020-04-28,81.0
2020-04-29,59.0
2020-04-30,81.0
2020-05-01,65.0
2020-05-02,52.0
2020-05-03,64.0
2020-05-04,55.0
2020-05-05,70.0
2020-05-06,48.0
2020-05-07,45.0
2020-05-08,42.0
2020-05-09,42.0
2020-05-10,33.0
2020-05-11,43.0
2020-05-12,38.0
2020-05-13,44.0
2020-05-14,42.0
2020-05-15,38.0
2020-05-16,33.0
2020-05-17,28.0
2020-05-18,27.0
2020-05-19,
2020-05-20,
2020-05-21,
2020-05-22,
2020-05-23,
2020-05-24,
2020-05-25,
2020-05-26,
2020-05-27,
2020-05-28,43.0
2020-05-29,95.0
2020-05-30,83.0
2020-05-31,83.0
2020-06-01,111.0
2020-06-02,100.0
2020-06-03,100.0
2020-06-04,119.0
2020-06-05,144.0
2020-06-06,134.0
2020-06-07,124.0
2020-06-08,92.0
2020-06-09,125.0
2020-06-10,111.0
2020-06-11,139.0
2020-06-12,144.0
2020-06-13,157.0
2020-06-14,126.0
2020-06-15,125.0
2020-06-16,120.0
2020-06-17,108.0
2020-06-18,117.0
2020-06-19,165.0
2020-06-20,149.0
2020-06-21,147.0
2020-06-22,123.0
2020-06-23,122.0
2020-06-24,115.0
2020-06-25,131.0
2020-06-26,151.0
2020-06-27,155.0
2020-06-28,192.0
2020-06-29,145.0
2020-06-30,148.0
2020-07-01,170.0
2020-07-02,144.0
2020-07-03,127.0
2020-07-04,112.0
2020-07-05,117.0
2020-07-06,137.0
2020-07-07,140.0
2020-07-08,141.0
2020-07-09,144.0
2020-07-10,224.0
2020-07-11,178.0
2020-07-12,204.0
2020-07-13,135.0
2020-07-14,154.0
2020-07-15,176.0
2020-07-16,497.0
2020-07-17,458.0
2020-07-18,557.0
2020-07-19,576.0
2020-07-20,543.0
2020-07-21,528.0
2020-07-22,540.0
2020-07-23,559.0
2020-07-24,500.0
2020-07-25,582.0
2020-07-26,651.0
2020-07-27,478.0
2020-07-28,548.0
2020-07-29,548.0
2020-07-30,453.0
2020-07-31,540.0
2020-08-01,567.0
2020-08-02,585.0
2020-08-03,522.0
2020-08-04,570.0
2020-08-05,495.0
2020-08-06,514.0
2020-08-07,526.0
2020-08-08,597.0
2020-08-09,572.0
2020-08-10,557.0
2020-08-11,611.0
2020-08-12,558.0
2020-08-13,595.0
2020-08-14,617.0
2020-08-15,858.0
2020-08-16,735.0
2020-08-17,588.0
2020-08-18,672.0
2020-08-19,597.0
2020-08-20,605.0
2020-08-21,621.0
2020-08-22,676.0
2020-08-23,675.0
2020-08-24,645.0
2020-08-25,665.0
2020-08-26,605.0
2020-08-27,720.0
2020-08-28,653.0
2020-08-29,798.0
2020-08-30,769.0
2020-08-31,825.0
2020-09-01,873.0
2020-09-02,577.0
2020-09-03,581.0
2020-09-04,621.0
2020-09-05,763.0
2020-09-06,753.0
2020-09-07,596.0
2020-09-08,580.0
2020-09-09,581.0
2020-09-10,658.0
2020-09-11,625.0
2020-09-12,824.0
2020-09-13,761.0
2020-09-14,597.0
2020-09-15,642.0
2020-09-16,625.0
2020-09-17,678.0
2020-09-18,658.0
2020-09-19,910.0
2020-09-20,871.0
2020-09-21,582.0
2020-09-22,689.0
2020-09-23,692.0
2020-09-24,654.0
2020-09-25,737.0
2020-09-26,920.0
2020-09-27,947.0
2020-09-28,648.0
2020-09-29,683.0
2020-09-30,718.0
2020-10-01,647.0
2020-10-02,711.0
2020-10-03,935.0
2020-10-04,901.0
2020-10-05,647.0
2020-10-06,649.0
2020-10-07,623.0
2020-10-08,672.0
2020-10-09,714.0
2020-10-10,969.0
2020-10-11,962.0
2020-10-12,642.0
2020-10-13,557.0
2020-10-14,653.0
2020-10-15,596.0
2020-10-16,709.0
2020-10-17,1005.0
2020-10-18,937.0
2020-10-19,639.0
2020-10-20,638.0
2020-10-21,652.0
2020-10-22,696.0
2020-10-23,656.0
2020-10-24,965.0
2020-10-25,922.0
2020-10-26,566.0
2020-10-27,574.0
2020-10-28,640.0
2020-10-29,670.0
2020-10-30,717.0
2020-10-31,929.0
2020-11-01,879.0
2020-11-02,643.0
2020-11-03,701.0
2020-11-04,881.0
2020-11-05,628.0
2020-11-06,751.0
2020-11-07,828.0
2020-11-08,769.0
2020-11-09,544.0
2020-11-10,634.0
2020-11-11,603.0
2020-11-12,607.0
2020-11-13,628.0
2020-11-14,934.0
2020-11-15,818.0
2020-11-16,606.0
2020-11-17,553.0
2020-11-18,543.0
2020-11-19,555.0
2020-11-20,601.0
2020-11-21,851.0
2020-11-22,859.0
2020-11-23,520.0
2020-11-24,529.0
2020-11-25,574.0
2020-11-26,600.0
2020-11-27,695.0
2020-11-28,875.0
2020-11-29,812.0
2020-11-30,572.0
2020-12-01,513.0
2020-12-02,540.0
2020-12-03,570.0
2020-12-04,633.0
2020-12-05,804.0
2020-12-06,803.0
2020-12-07,559.0
2020-12-08,619.0
2020-12-09,568.0
2020-12-10,588.0
2020-12-11,659.0
2020-12-12,1023.0
2020-12-13,843.0
2020-12-14,578.0
2020-12-15,626.0
2020-12-16,621.0
2020-12-17,620.0
2020-12-18,664.0
2020-12-19,925.0
2020-12-20,913.0
2020-12-21,670.0
2020-12-22,638.0
2020-12-23,689.0
2020-12-24,714.0
2020-12-25,741.0
2020-12-26,894.0
2020-12-27,1012.0
2020-12-28,820.0
2020-12-29,998.0
2020-12-30,1009.0
2020-12-31,510.0
2021-01-01,
2021-01-02,739.0
2021-01-03,754.0
2021-01-04,693.0
2021-01-05,744.0
2021-01-06,840.0
2021-01-07,740.0
2021-01-08,804.0
2021-01-09,808.0
2021-01-10,699.0
2021-01-11,547.0
2021-01-12,542.0
2021-01-13,426.0
2021-01-14,480.0
2021-01-15,675.0
2021-01-16,864.0
2021-01-17,885.0
2021-01-18,527.0
2021-01-19,542.0
2021-01-20,631.0
2021-01-21,611.0
2021-01-22,685.0
2021-01-23,902.0
2021-01-24,818.0
2021-01-25,602.0
2021-01-26,625.0
2021-01-27,634.0
2021-01-28,616.0
2021-01-29,707.0
2021-01-30,973.0
2021-01-31,957.0
2021-02-01,582.0
2021-02-02,603.0
2021-02-03,595.0
2021-02-04,584.0
2021-02-05,675.0
2021-02-06,944.0
2021-02-07,842.0
2021-02-08,528.0
2021-02-09,622.0
2021-02-10,691.0
2021-02-11,648.0
2021-02-12,752.0
2021-02-13,989.0
2021-02-14,1073.0
2021-02-15,648.0
2021-02-16,650.0
2021-02-17,623.0
2021-02-18,691.0
2021-02-19,702.0
2021-02-20,829.0
2021-02-21,1057.0
2021-02-22,936.0
2021-02-23,720.0
2021-02-24,498.0
2021-02-25,614.0
2021-02-26,684.0
2021-02-27,1001.0
2021-02-28,951.0
2021-03-01,603.0
2021-03-02,614.0
2021-03-03,628.0
2021-03-04,618.0
2021-03-05,723.0
2021-03-06,1007.0
2021-03-07,979.0
2021-03-08,853.0
2021-03-09,569.0
2021-03-10,637.0
2021-03-11,588.0
2021-03-12,695.0
2021-03-13,890.0
2021-03-14,1024.0
2021-03-15,582.0
2021-03-16,621.0
2021-03-17,573.0
2021-03-18,657.0
2021-03-19,776.0
2021-03-20,1034.0
2021-03-21,942.0
2021-03-22,790.0
2021-03-23,774.0
2021-03-24,815.0
2021-03-25,866.0
2021-03-26,870.0
2021-03-27,1027.0
2021-03-28,989.0
2021-03-29,718.0
2021-03-30,702.0
2021-03-31,617.0
2021-04-01,668.0
2021-04-02,649.0
2021-04-03,925.0
2021-04-04,999.0
2021-04-05,661.0
2021-04-06,712.0
2021-04-07,671.0
2021-04-08,680.0
2021-04-09,773.0
2021-04-10,1032.0
2021-04-11,978.0
2021-04-12,660.0
2021-04-13,698.0
2021-04-14,712.0
2021-04-15,778.0
2021-04-16,811.0
2021-04-17,911.0
2021-04-18,975.0
2021-04-19,650.0
2021-04-20,632.0
2021-04-21,589.0
2021-04-22,676.0
2021-04-23,726.0
2021-04-24,979.0
2021-04-25,932.0
2021-04-26,97.0
2021-04-27,345.0
2021-04-28,678.0
2021-04-29,720.0
2021-04-30,803.0
2021-05-01,754.0
2021-05-02,661.0
2021-05-03,834.0
2021-05-04,716.0
2021-05-05,729.0
2021-05-06,681.0
2021-05-07,718.0
2021-05-08,752.0
2021-05-09,603.0
2021-05-10,765.0
2021-05-11,483.0
2021-05-12,663.0
2021-05-13,736.0
2021-05-14,741.0
2021-05-15,845.0
2021-05-16,832.0
2021-05-17,776.0
2021-05-18,722.0
2021-05-19,694.0
2021-05-20,711.0
2021-05-21,782.0
2021-05-22,951.0
2021-05-23,898.0
2021-05-24,692.0
2021-05-25,806.0
2021-05-26,877.0
2021-05-27,832.0
2021-05-28,848.0
2021-05-29,842.0
2021-05-30,938.0
2021-05-31,742.0
2021-06-01,1031.0
2021-06-02,710.0
2021-06-03,791.0
2021-06-04,880.0
2021-06-05,905.0
2021-06-06,865.0
2021-06-07,724.0
2021-06-08,745.0
2021-06-09,808.0
2021-06-10,829.0
2021-06-11,818.0
2021-06-12,770.0
2021-06-13,769.0
2021-06-14,813.0
2021-06-15,752.0
2021-06-16,843.0
2021-06-17,812.0
2021-06-18,803.0
2021-06-19,776.0
2021-06-20,759.0
2021-06-21,761.0
2021-06-22,788.0
2021-06-23,756.0
2021-06-24,819.0
2021-06-25,832.0
2021-06-26,736.0
2021-06-27,791.0
2021-06-28,793.0
2021-06-29,749.0
2021-06-30,771.0
2021-07-01,767.0
2021-07-02,743.0
2021-07-03,758.0
2021-07-04,755.0
2021-07-05,669.0
2021-07-06,618.0
2021-07-07,664.0
2021-07-08,687.0
2021-07-09,705.0
2021-07-10,789.0
2021-07-11,759.0
2021-07-12,753.0
2021-07-13,635.0
2021-07-14,696.0
2021-07-15,681.0
2021-07-16,704.0
2021-07-17,706.0
2021-07-18,698.0
2021-07-19,696.0
2021-07-20,784.0
2021-07-21,643.0
2021-07-22,791.0
2021-07-23,694.0
2021-07-24,789.0
2021-07-25,719.0
2021-07-26,729.0
2021-07-27,737.0
2021-07-28,707.0
2021-07-29,781.0
2021-07-30,775.0
2021-07-31,829.0
2021-08-01,698.0
2021-08-02,758.0
2021-08-03,746.0
2021-08-04,724.0
2021-08-05,877.0
2021-08-06,757.0
2021-08-07,814.0
2021-08-08,817.0
2021-08-09,750.0
2021-08-10,708.0
2021-08-11,765.0
2021-08-12,791.0
2021-08-13,810.0
2021-08-14,927.0
2021-08-15,734.0
2021-08-16,741.0
2021-08-17,803.0
2021-08-18,671.0
2021-08-19,816.0
2021-08-20,859.0
2021-08-21,840.0
2021-08-22,880.0
2021-08-23,824.0
2021-08-24,821.0
2021-08-25,802.0
2021-08-26,847.0
2021-08-27,903.0
2021-08-28,891.0
2021-08-29,950.0
2021-08-30,967.0
2021-08-31,937.0
2021-09-01,1100.0
2021-09-02,814.0
2021-09-03,812.0
2021-09-04,904.0
2021-09-05,594.0
2021-09-06,514.0
2021-09-07,732.0
2021-09-08,658.0
2021-09-09,660.0
2021-09-10,787.0
2021-09-11,1008.0
2021-09-12,872.0
2021-09-13,728.0
2021-09-14,670.0
2021-09-15,725.0
2021-09-16,
2021-09-17,870.0
2021-09-18,1007.0
2021-09-19,1013.0
2021-09-20,700.0
2021-09-21,740.0
2021-09-22,665.0
2021-09-23,697.0
2021-09-24,752.0
2021-09-25,1021.0
2021-09-26,998.0
2021-09-27,653.0
2021-09-28,688.0
2021-09-29,674.0
2021-09-30,663.0
2021-10-01,747.0
2021-10-02,979.0
2021-10-03,977.0
2021-10-04,649.0
2021-10-05,703.0
2021-10-06,674.0
2021-10-07,715.0
2021-10-08,813.0
2021-10-09,975.0
2021-10-10,949.0
2021-10-11,332.0
2021-10-12,352.0
2021-10-13,407.0
2021-10-14,421.0
2021-10-15,479.0
2021-10-16,578.0
2021-10-17,534.0
2021-10-18,401.0
2021-10-19,419.0
2021-10-20,455.0
2021-10-21,362.0
2021-10-22,492.0
2021-10-23,656.0
2021-10-24,556.0
2021-10-25,427.0
2021-10-26,429.0
2021-10-27,447.0
2021-10-28,460.0
2021-10-29,474.0
2021-10-30,554.0
2021-10-31,505.0
2021-11-01,351.0
2021-11-02,412.0
2021-11-03,440.0
2021-11-04,469.0
2021-11-05,474.0
2021-11-06,372.0
2021-11-07,469.0
2021-11-08,312.0
2021-11-09,360.0
2021-11-10,475.0
2021-11-11,402.0
2021-11-12,495.0
2021-11-13,666.0
2021-11-14,641.0
2021-11-15,435.0
2021-11-16,431.0
2021-11-17,433.0
2021-11-18,460.0
2021-11-19,521.0
2021-11-20,656.0
2021-11-21,634.0
2021-11-22,422.0
2021-11-23,455.0
2021-11-24,500.0
2021-11-25,467.0
2021-11-26,564.0
2021-11-27,721.0
2021-11-28,600.0
2021-11-29,442.0
2021-11-30,429.0
2021-12-01,437.0
2021-12-02,414.0
2021-12-03,533.0
2021-12-04,740.0
2021-12-05,678.0
2021-12-06,432.0
2021-12-07,462.0
2021-12-08,510.0
2021-12-09,491.0
2021-12-10,627.0
2021-12-11,756.0
2021-12-12,710.0
2021-12-13,507.0
2021-12-14,474.0
2021-12-15,579.0
2021-12-16,576.0
2021-12-17,617.0
2021-12-18,825.0
2021-12-19,765.0
2021-12-20,526.0
2021-12-21,551.0
2021-12-22,544.0
2021-12-23,568.0
2021-12-24,648.0
2021-12-25,760.0
2021-12-26,901.0
2021-12-27,707.0
2021-12-28,750.0
2021-12-29,865.0
2021-12-30,907.0
2021-12-31,487.0
2022-01-01,
2022-01-02,657.0
2022-01-03,686.0
2022-01-04,766.0
2022-01-05,796.0
2022-01-06,798.0
2022-01-07,770.0
2022-01-08,835.0
2022-01-09,854.0
2022-01-10,687.0
2022-01-11,684.0
2022-01-12,581.0
2022-01-13,624.0
2022-01-14,624.0
2022-01-15,960.0
2022-01-16,872.0
2022-01-17,562.0
2022-01-18,573.0
2022-01-19,574.0
2022-01-20,642.0
2022-01-21,679.0
2022-01-22,910.0
2022-01-23,771.0
2022-01-24,534.0
2022-01-25,511.0
2022-01-26,576.0
2022-01-27,545.0
2022-01-28,645.0
2022-01-29,874.0
2022-01-30,758.0
2022-01-31,529.0
2022-02-01,536.0
2022-02-02,531.0
2022-02-03,502.0
2022-02-04,606.0
2022-02-05,777.0
2022-02-06,774.0
2022-02-07,553.0
2022-02-08,558.0
2022-02-09,593.0
2022-02-10,603.0
2022-02-11,692.0
2022-02-12,999.0
2022-02-13,870.0
2022-02-14,601.0
2022-02-15,657.0
2022-02-16,615.0
2022-02-17,581.0
2022-02-18,659.0
2022-02-19,1056.0
2022-02-20,967.0
2022-02-21,645.0
2022-02-22,729.0
2022-02-23,1039.0
2022-02-24,671.0
2022-02-25,828.0
2022-02-26,1051.0
2022-02-27,966.0
2022-02-28,647.0
2022-03-01,646.0
2022-03-02,702.0
2022-03-03,660.0
2022-03-04,733.0
2022-03-05,867.0
2022-03-06,1010.0
2022-03-07,1016.0
2022-03-08,950.0
2022-03-09,677.0
2022-03-10,736.0
2022-03-11,810.0
2022-03-12,1118.0
2022-03-13,1065.0
2022-03-14,678.0
2022-03-15,712.0
2022-03-16,716.0
2022-03-17,721.0
2022-03-18,892.0
2022-03-19,1102.0
2022-03-20,1093.0
2022-03-21,697.0
2022-03-22,695.0
2022-03-23,745.0
2022-03-24,747.0
2022-03-25,782.0
2022-03-26,1070.0
2022-03-27,918.0
2022-03-28,805.0
2022-03-29,752.0
2022-03-30,815.0
2022-03-31,898.0
2022-04-01,850.0
2022-04-02,1052.0
2022-04-03,1041.0
2022-04-04,783.0
2022-04-05,782.0
2022-04-06,675.0
2022-04-07,708.0
2022-04-08,826.0
2022-04-09,1080.0
2022-04-10,1066.0
2022-04-11,685.0
2022-04-12,707.0
2022-04-13,687.0
2022-04-14,680.0
2022-04-15,829.0
2022-04-16,1064.0
2022-04-17,981.0
2022-04-18,644.0
2022-04-19,608.0
2022-04-20,742.0
2022-04-21,703.0
2022-04-22,787.0
2022-04-23,961.0
2022-04-24,829.0
2022-04-25,575.0
2022-04-26,696.0
2022-04-27,756.0
2022-04-28,707.0
2022-04-29,836.0
2022-04-30,886.0
2022-05-01,802.0
2022-05-02,687.0
2022-05-03,727.0
2022-05-04,618.0
2022-05-05,679.0
2022-05-06,811.0
2022-05-07,816.0
2022-05-08,739.0
2022-05-09,691.0
2022-05-10,794.0
2022-05-11,632.0
2022-05-12,686.0
2022-05-13,769.0
2022-05-14,991.0
2022-05-15,871.0
2022-05-16,679.0
2022-05-17,713.0
2022-05-18,720.0
2022-05-19,779.0
2022-05-20,752.0
2022-05-21,1013.0
2022-05-22,958.0
2022-05-23,687.0
2022-05-24,800.0
2022-05-25,875.0
2022-05-26,875.0
2022-05-27,919.0
2022-05-28,1028.0
2022-05-29,849.0
2022-05-30,782.0
2022-05-31,767.0
2022-06-01,1236.0
2022-06-02,785.0
2022-06-03,766.0
2022-06-04,784.0
2022-06-05,724.0
2022-06-06,742.0
2022-06-07,730.0
2022-06-08,696.0
2022-06-09,839.0
2022-06-10,939.0
2022-06-11,907.0
2022-06-12,861.0
2022-06-13,930.0
2022-06-14,890.0
2022-06-15,968.0
2022-06-16,914.0
2022-06-17,958.0
2022-06-18,1010.0
2022-06-19,968.0
2022-06-20,988.0
2022-06-21,862.0
2022-06-22,916.0
2022-06-23,926.0
2022-06-24,896.0
2022-06-25,864.0
2022-06-26,906.0
2022-06-27,879.0
2022-06-28,919.0
2022-06-29,898.0
2022-06-30,999.0
2022-07-01,873.0
2022-07-02,941.0
2022-07-03,881.0
2022-07-04,889.0
2022-07-05,881.0
2022-07-06,782.0
2022-07-07,815.0
2022-07-08,877.0
2022-07-09,658.0
2022-07-10,951.0
2022-07-11,838.0
2022-07-12,887.0
2022-07-13,830.0
2022-07-14,988.0
2022-07-15,993.0
2022-07-16,986.0
2022-07-17,928.0
2022-07-18,867.0
2022-07-19,946.0
2022-07-20,883.0
2022-07-21,905.0
2022-07-22,873.0
2022-07-23,868.0
2022-07-24,860.0
2022-07-25,844.0
2022-07-26,889.0
2022-07-27,931.0
2022-07-28,860.0
2022-07-29,861.0
2022-07-30,925.0
2022-07-31,911.0
2022-08-01,883.0
2022-08-02,942.0
2022-08-03,860.0
2022-08-04,849.0
2022-08-05,907.0
2022-08-06,955.0
2022-08-07,937.0
2022-08-08,890.0
2022-08-09,919.0
2022-08-10,911.0
2022-08-11,961.0
2022-08-12,957.0
2022-08-13,945.0
2022-08-14,969.0
2022-08-15,909.0
2022-08-16,961.0
2022-08-17,931.0
2022-08-18,922.0
2022-08-19,928.0
2022-08-20,1054.0
2022-08-21,1048.0
2022-08-22,884.0
2022-08-23,928.0
2022-08-24,929.0
2022-08-25,988.0
2022-08-26,981.0
2022-08-27,1018.0
2022-08-28,956.0
2022-08-29,981.0
2022-08-30,1098.0
2022-08-31,1066.0
2022-09-01,1359.0
2022-09-02,914.0
2022-09-03,1076.0
2022-09-04,1034.0
2022-09-05,813.0
2022-09-06,782.0
2022-09-07,832.0
2022-09-08,782.0
2022-09-09,865.0
2022-09-10,1105.0
2022-09-11,1019.0
2022-09-12,772.0
2022-09-13,731.0
2022-09-14,809.0
2022-09-15,826.0
2022-09-16,944.0
2022-09-17,1227.0
2022-09-18,1118.0
2022-09-19,703.0
2022-09-20,836.0
2022-09-21,721.0
2022-09-22,697.0
2022-09-23,820.0
2022-09-24,1056.0
2022-09-25,1120.0
2022-09-26,725.0
2022-09-27,696.0
2022-09-28,638.0
2022-09-29,744.0
2022-09-30,828.0
2022-10-01,1035.0
2022-10-02,1050.0
2022-10-03,713.0
2022-10-04,715.0
2022-10-05,822.0
2022-10-06,714.0
2022-10-07,908.0
2022-10-08,1224.0
2022-10-09,1069.0
2022-10-10,695.0
2022-10-11,734.0
2022-10-12,780.0
2022-10-13,792.0
2022-10-14,874.0
2022-10-15,1198.0
2022-10-16,1144.0
2022-10-17,736.0
2022-10-18,702.0
2022-10-19,758.0
2022-10-20,763.0
2022-10-21,798.0
2022-10-22,1199.0
2022-10-23,1122.0
2022-10-24,601.0
2022-10-25,736.0
2022-10-26,742.0
2022-10-27,806.0
2022-10-28,965.0
2022-10-29,1235.0
2022-10-30,1134.0
2022-10-31,916.0
2022-11-01,862.0
2022-11-02,932.0
2022-11-03,1054.0
2022-11-04,1152.0
2022-11-05,1069.0
2022-11-06,1038.0
2022-11-07,708.0
2022-11-08,704.0
2022-11-09,683.0
2022-11-10,790.0
2022-11-11,906.0
2022-11-12,1177.0
2022-11-13,1177.0
2022-11-14,669.0
2022-11-15,731.0
2022-11-16,757.0
2022-11-17,738.0
2022-11-18,873.0
2022-11-19,1192.0
2022-11-20,1106.0
2022-11-21,673.0
2022-11-22,664.0
2022-11-23,693.0
2022-11-24,691.0
2022-11-25,844.0
2022-11-26,1184.0
2022-11-27,1060.0
2022-11-28,659.0
2022-11-29,661.0
2022-11-30,754.0
2022-12-01,730.0
2022-12-02,720.0
2022-12-03,1077.0
2022-12-04,986.0
2022-12-05,616.0
2022-12-06,660.0
2022-12-07,715.0
2022-12-08,710.0
2022-12-09,777.0
2022-12-10,1142.0
2022-12-11,961.0
2022-12-12,665.0
2022-12-13,676.0
2022-12-14,703.0
2022-12-15,687.0
2022-12-16,839.0
2022-12-17,1049.0
2022-12-18,915.0
2022-12-19,673.0
2022-12-20,729.0
2022-12-21,727.0
2022-12-22,815.0
2022-12-23,940.0
2022-12-24,1202.0
2022-12-25,1061.0
2022-12-26,802.0
2022-12-27,980.0
2022-12-28,951.0
2022-12-29,1141.0
2022-12-30,1120.0
2022-12-31,622.0
2023-01-01,
2023-01-02,867.0
2023-01-03,899.0
2023-01-04,940.0
2023-01-05,996.0
2023-01-06,912.0
2023-01-07,774.0
2023-01-08,845.0
2023-01-09,519.0
2023-01-10,521.0
2023-01-11,744.0
2023-01-12,752.0
2023-01-13,866.0
2023-01-14,1196.0
2023-01-15,1111.0
2023-01-16,715.0
2023-01-17,669.0
2023-01-18,732.0
2023-01-19,622.0
2023-01-20,841.0
2023-01-21,1177.0
2023-01-22,894.0
2023-01-23,685.0
2023-01-24,680.0
2023-01-25,738.0
2023-01-26,773.0
2023-01-27,832.0
2023-01-28,1177.0
2023-01-29,1053.0
2023-01-30,642.0
2023-01-31,613.0
2023-02-01,699.0
2023-02-02,699.0
2023-02-03,718.0
2023-02-04,1136.0
2023-02-05,1001.0
2023-02-06,689.0
2023-02-07,692.0
2023-02-08,646.0
2023-02-09,644.0
2023-02-10,868.0
2023-02-11,1215.0
2023-02-12,1065.0
2023-02-13,719.0
2023-02-14,793.0
2023-02-15,699.0
2023-02-16,669.0
2023-02-17,815.0
2023-02-18,1098.0
2023-02-19,1072.0
2023-02-20,677.0
2023-02-21,737.0
2023-02-22,826.0
2023-02-23,1064.0
2023-02-24,936.0
2023-02-25,996.0
2023-02-26,862.0
2023-02-27,668.0
2023-02-28,709.0
2023-03-01,747.0
2023-03-02,724.0
2023-03-03,767.0
2023-03-04,1135.0
2023-03-05,1091.0
2023-03-06,720.0
2023-03-07,861.0
2023-03-08,1246.0
2023-03-09,665.0
2023-03-10,839.0
2023-03-11,1169.0
2023-03-12,1024.0
2023-03-13,724.0
2023-03-14,775.0
2023-03-15,9.0
2023-03-16,524.0
2023-03-17,832.0
2023-03-18,1222.0
2023-03-19,1151.0
2023-03-20,774.0
2023-03-21,790.0
2023-03-22,783.0
2023-03-23,732.0
2023-03-24,914.0
2023-03-25,1209.0
2023-03-26,1150.0
2023-03-27,833.0
2023-03-28,858.0
2023-03-29,1019.0
2023-03-30,849.0
2023-03-31,955.0
2023-04-01,1102.0
2023-04-02,1049.0
2023-04-03,758.0
2023-04-04,688.0
2023-04-05,802.0
2023-04-06,787.0
2023-04-07,886.0
2023-04-08,1136.0
2023-04-09,1060.0
2023-04-10,819.0
2023-04-11,750.0
2023-04-12,866.0
2023-04-13,744.0
2023-04-14,941.0
2023-04-15,1175.0
2023-04-16,997.0
2023-04-17,734.0
2023-04-18,740.0
2023-04-19,752.0
2023-04-20,834.0
2023-04-21,1024.0
2023-04-22,1008.0
2023-04-23,1003.0
2023-04-24,758.0
2023-04-25,736.0
2023-04-26,787.0
2023-04-27,825.0
2023-04-28,975.0
2023-04-29,970.0
2023-04-30,1009.0
2023-05-01,959.0
2023-05-02,707.0
2023-05-03,884.0
2023-05-04,805.0
2023-05-05,863.0
2023-05-06,1056.0
2023-05-07,1012.0
2023-05-08,889.0
2023-05-09,922.0
2023-05-10,770.0
2023-05-11,808.0
2023-05-12,869.0
2023-05-13,1021.0
2023-05-14,941.0
2023-05-15,786.0
2023-05-16,810.0
2023-05-17,778.0
2023-05-18,811.0
2023-05-19,868.0
2023-05-20,1022.0
2023-05-21,972.0
2023-05-22,759.0
2023-05-23,790.0
2023-05-24,764.0
2023-05-25,989.0
2023-05-26,992.0
2023-05-27,974.0
2023-05-28,955.0
2023-05-29,809.0
2023-05-30,929.0
2023-05-31,887.0
2023-06-01,1396.0
2023-06-02,927.0
2023-06-03,926.0
2023-06-04,1025.0
2023-06-05,893.0
2023-06-06,881.0
2023-06-07,891.0
2023-06-08,981.0
2023-06-09,908.0
2023-06-10,1063.0
2023-06-11,933.0
2023-06-12,958.0
2023-06-13,859.0
2023-06-14,865.0
2023-06-15,919.0
2023-06-16,944.0
2023-06-17,925.0
2023-06-18,1021.0
2023-06-19,920.0
2023-06-20,921.0
2023-06-21,978.0
2023-06-22,944.0
2023-06-23,939.0
2023-06-24,891.0
2023-06-25,1035.0
2023-06-26,954.0
2023-06-27,945.0
2023-06-28,1026.0
2023-06-29,849.0
2023-06-30,918.0
2023-07-01,952.0
2023-07-02,892.0
2023-07-03,937.0
2023-07-04,892.0
2023-07-05,969.0
2023-07-06,902.0
2023-07-07,964.0
2023-07-08,878.0
2023-07-09,931.0
2023-07-10,940.0
2023-07-11,943.0
2023-07-12,945.0
2023-07-13,1026.0
2023-07-14,979.0
2023-07-15,932.0
2023-07-16,991.0
2023-07-17,933.0
2023-07-18,965.0
2023-07-19,989.0
2023-07-20,953.0
2023-07-21,994.0
2023-07-22,1055.0
2023-07-23,911.0
2023-07-24,865.0
2023-07-25,984.0
2023-07-26,973.0
2023-07-27,982.0
2023-07-28,949.0
2023-07-29,941.0
2023-07-30,996.0
2023-07-31,932.0
